<ImportExportXml version="7.0.0002.0053" SolutionPackageVersion="7.0" languagecode="1033" generatedBy="OnPremise" xmlns:xsi="http://www.w3.org/2001/XMLSchema-instance">
  <SolutionManifest>
    <UniqueName>xLiveHive</UniqueName>
    <LocalizedNames>
      <LocalizedName description="xLiveHive" languagecode="1033" />
    </LocalizedNames>
    <Descriptions />
    <Version>1.0.0.0</Version>
    <Managed>0</Managed>
    <Publisher>
      <UniqueName>xrmcom</UniqueName>
      <LocalizedNames>
        <LocalizedName description="xRM.com" languagecode="1033" />
      </LocalizedNames>
      <Descriptions>
        <Description description="xRM.com (Streamline Solutions, LLC)&#xD;&#xA;PO Box 53785&#xD;&#xA;Irvine, CA 92619-3785&#xD;&#xA;&#xD;&#xA;Telephone: (949) 385-4000&#xD;&#xA;&#xD;&#xA;http://www.xrm.com" languagecode="1033" />
      </Descriptions>
      <EMailAddress>support@xRM.com</EMailAddress>
      <SupportingWebsiteUrl>http://www.xrm.com</SupportingWebsiteUrl>
      <CustomizationPrefix>xrm</CustomizationPrefix>
      <CustomizationOptionValuePrefix>10000</CustomizationOptionValuePrefix>
      <Addresses>
        <Address>
          <AddressNumber>1</AddressNumber>
          <AddressTypeCode>1</AddressTypeCode>
          <City>Irvine</City>
          <County xsi:nil="true"></County>
          <Country xsi:nil="true"></Country>
          <Fax xsi:nil="true"></Fax>
          <FreightTermsCode xsi:nil="true"></FreightTermsCode>
          <ImportSequenceNumber xsi:nil="true"></ImportSequenceNumber>
          <Latitude xsi:nil="true"></Latitude>
          <Line1>PO Box 53785</Line1>
          <Line2 xsi:nil="true"></Line2>
          <Line3 xsi:nil="true"></Line3>
          <Longitude xsi:nil="true"></Longitude>
          <Name xsi:nil="true"></Name>
          <PostalCode>92619-3785</PostalCode>
          <PostOfficeBox xsi:nil="true"></PostOfficeBox>
          <PrimaryContactName xsi:nil="true"></PrimaryContactName>
          <ShippingMethodCode>1</ShippingMethodCode>
          <StateOrProvince>CA</StateOrProvince>
          <Telephone1 xsi:nil="true"></Telephone1>
          <Telephone2 xsi:nil="true"></Telephone2>
          <Telephone3 xsi:nil="true"></Telephone3>
          <TimeZoneRuleVersionNumber xsi:nil="true"></TimeZoneRuleVersionNumber>
          <UPSZone xsi:nil="true"></UPSZone>
          <UTCOffset xsi:nil="true"></UTCOffset>
          <UTCConversionTimeZoneCode xsi:nil="true"></UTCConversionTimeZoneCode>
        </Address>
        <Address>
          <AddressNumber>2</AddressNumber>
          <AddressTypeCode>1</AddressTypeCode>
          <City xsi:nil="true"></City>
          <County xsi:nil="true"></County>
          <Country xsi:nil="true"></Country>
          <Fax xsi:nil="true"></Fax>
          <FreightTermsCode xsi:nil="true"></FreightTermsCode>
          <ImportSequenceNumber xsi:nil="true"></ImportSequenceNumber>
          <Latitude xsi:nil="true"></Latitude>
          <Line1 xsi:nil="true"></Line1>
          <Line2 xsi:nil="true"></Line2>
          <Line3 xsi:nil="true"></Line3>
          <Longitude xsi:nil="true"></Longitude>
          <Name xsi:nil="true"></Name>
          <PostalCode xsi:nil="true"></PostalCode>
          <PostOfficeBox xsi:nil="true"></PostOfficeBox>
          <PrimaryContactName xsi:nil="true"></PrimaryContactName>
          <ShippingMethodCode>1</ShippingMethodCode>
          <StateOrProvince xsi:nil="true"></StateOrProvince>
          <Telephone1 xsi:nil="true"></Telephone1>
          <Telephone2 xsi:nil="true"></Telephone2>
          <Telephone3 xsi:nil="true"></Telephone3>
          <TimeZoneRuleVersionNumber xsi:nil="true"></TimeZoneRuleVersionNumber>
          <UPSZone xsi:nil="true"></UPSZone>
          <UTCOffset xsi:nil="true"></UTCOffset>
          <UTCConversionTimeZoneCode xsi:nil="true"></UTCConversionTimeZoneCode>
        </Address>
      </Addresses>
    </Publisher>
    <RootComponents>
      <RootComponent type="1" schemaName="contact" />
      <RootComponent type="1" schemaName="email" />
      <RootComponent type="1" schemaName="lead" />
    </RootComponents>
    <MissingDependencies>
      <MissingDependency>
        <Required key="0" type="1" schemaName="xrm_bigcommerce" displayName="Bigcommerce Store" solution="Active" />
        <Dependent key="1" type="10" schemaName="xrm_bigcommerce_contact" displayName="xrm_bigcommerce_contact" parentSchemaName="contact" parentDisplayName="Contact" />
      </MissingDependency>
      <MissingDependency>
        <Required key="0" type="1" schemaName="xrm_bigcommerce" displayName="Bigcommerce Store" solution="Active" />
        <Dependent key="2" type="10" schemaName="xrm_bigcommerce_lead" displayName="xrm_bigcommerce_lead" parentSchemaName="lead" parentDisplayName="Lead" />
      </MissingDependency>
      <MissingDependency>
        <Required key="3" type="2" schemaName="xrm_bigcommerceid" displayName="Bigcommerce Store" parentSchemaName="xrm_bigcommerce" parentDisplayName="Bigcommerce Store" solution="Active" />
        <Dependent key="2" type="10" schemaName="xrm_bigcommerce_lead" displayName="xrm_bigcommerce_lead" parentSchemaName="lead" parentDisplayName="Lead" />
      </MissingDependency>
      <MissingDependency>
        <Required key="4" type="2" schemaName="xrm_name" displayName="Shop Name" parentSchemaName="xrm_bigcommerce" parentDisplayName="Bigcommerce Store" solution="Active" />
        <Dependent key="1" type="10" schemaName="xrm_bigcommerce_contact" displayName="xrm_bigcommerce_contact" parentSchemaName="contact" parentDisplayName="Contact" />
      </MissingDependency>
      <MissingDependency>
        <Required key="4" type="2" schemaName="xrm_name" displayName="Shop Name" parentSchemaName="xrm_bigcommerce" parentDisplayName="Bigcommerce Store" solution="Active" />
        <Dependent key="2" type="10" schemaName="xrm_bigcommerce_lead" displayName="xrm_bigcommerce_lead" parentSchemaName="lead" parentDisplayName="Lead" />
      </MissingDependency>
      <MissingDependency>
        <Required key="4" type="2" schemaName="xrm_name" displayName="Shop Name" parentSchemaName="xrm_bigcommerce" parentDisplayName="Bigcommerce Store" solution="Active" />
        <Dependent key="2" type="10" schemaName="xrm_bigcommerce_lead" displayName="xrm_bigcommerce_lead" parentSchemaName="lead" parentDisplayName="Lead" />
      </MissingDependency>
      <MissingDependency>
        <Required key="4" type="2" schemaName="xrm_name" displayName="Shop Name" parentSchemaName="xrm_bigcommerce" parentDisplayName="Bigcommerce Store" solution="Active" />
        <Dependent key="1" type="10" schemaName="xrm_bigcommerce_contact" displayName="xrm_bigcommerce_contact" parentSchemaName="contact" parentDisplayName="Contact" />
      </MissingDependency>
      <MissingDependency>
        <Required key="3" type="2" schemaName="xrm_bigcommerceid" displayName="Bigcommerce Store" parentSchemaName="xrm_bigcommerce" parentDisplayName="Bigcommerce Store" solution="Active" />
        <Dependent key="1" type="10" schemaName="xrm_bigcommerce_contact" displayName="xrm_bigcommerce_contact" parentSchemaName="contact" parentDisplayName="Contact" />
      </MissingDependency>
      <MissingDependency>
        <Required key="0" type="1" schemaName="xrm_bigcommerce" displayName="Bigcommerce Store" solution="Active" />
        <Dependent key="1" type="10" schemaName="xrm_bigcommerce_contact" displayName="xrm_bigcommerce_contact" parentSchemaName="contact" parentDisplayName="Contact" />
      </MissingDependency>
      <MissingDependency>
        <Required key="0" type="1" schemaName="xrm_bigcommerce" displayName="Bigcommerce Store" solution="Active" />
        <Dependent key="2" type="10" schemaName="xrm_bigcommerce_lead" displayName="xrm_bigcommerce_lead" parentSchemaName="lead" parentDisplayName="Lead" />
      </MissingDependency>
      <MissingDependency>
        <Required key="5" type="26" schemaName="Open Activities" displayName="Open Activities" parentSchemaName="activitypointer" parentDisplayName="Activity" solution="System" id="{00000000-0000-0000-00aa-000010001900}" />
        <Dependent key="6" type="60" displayName="Information" parentDisplayName="Lead" id="{9886ead0-4fcc-4747-9a18-08e7a9a6de71}" />
      </MissingDependency>
      <MissingDependency>
        <Required key="7" type="26" schemaName="All Competitors (summary)" displayName="All Competitors (summary)" parentSchemaName="competitor" parentDisplayName="Competitor" solution="System" id="{57bca9ac-87a0-4c28-adc8-2d0a4645f29e}" />
        <Dependent key="8" type="60" displayName="Lead" parentDisplayName="Lead" id="{e3b6ddb7-8df0-4410-ac7b-fd32e5053d38}" />
      </MissingDependency>
      <MissingDependency>
        <Required key="9" type="26" schemaName="All Stakeholders" displayName="All Stakeholders" parentSchemaName="connection" parentDisplayName="Connection" solution="System" id="{4e3600fa-b9c8-49f4-b69a-51eba06d9bdf}" />
        <Dependent key="8" type="60" displayName="Lead" parentDisplayName="Lead" id="{e3b6ddb7-8df0-4410-ac7b-fd32e5053d38}" />
      </MissingDependency>
      <MissingDependency>
        <Required key="10" type="26" schemaName="Campaign Lookup View" displayName="Campaign Lookup View" parentSchemaName="campaign" parentDisplayName="Campaign" solution="System" id="{0e76dc73-2052-484e-8c00-a760f8d522ec}" />
        <Dependent key="8" type="60" displayName="Lead" parentDisplayName="Lead" id="{e3b6ddb7-8df0-4410-ac7b-fd32e5053d38}" />
      </MissingDependency>
      <MissingDependency>
        <Required key="11" type="26" schemaName="Account Entitlements" displayName="Account Entitlements" parentSchemaName="entitlement" parentDisplayName="Entitlement" solution="System" id="{961bf8aa-042f-4f4d-bcca-935bfc9a6994}" />
        <Dependent key="12" type="60" displayName="Contact" parentDisplayName="Contact" id="{1fed44d1-ae68-4a41-bd2b-f13acac4acfa}" />
      </MissingDependency>
      <MissingDependency>
        <Required key="5" type="26" schemaName="Open Activities" displayName="Open Activities" parentSchemaName="activitypointer" parentDisplayName="Activity" solution="System" id="{00000000-0000-0000-00aa-000010001900}" />
        <Dependent key="13" type="60" displayName="Information" parentDisplayName="Contact" id="{894cc46a-b0cb-4ab0-8bf6-200544e46a2d}" />
      </MissingDependency>
      <MissingDependency>
        <Required key="14" type="26" schemaName="Active Services" displayName="Active Services" parentSchemaName="service" parentDisplayName="Service" solution="System" id="{2bd4de5e-a7b4-4f5d-8fde-eb3b62d8e2b2}" />
        <Dependent key="13" type="60" displayName="Information" parentDisplayName="Contact" id="{894cc46a-b0cb-4ab0-8bf6-200544e46a2d}" />
      </MissingDependency>
      <MissingDependency>
        <Required key="15" type="26" schemaName="Activity Attachment Associated View" displayName="Activity Attachment Associated View" parentSchemaName="activitymimeattachment" parentDisplayName="Attachment" solution="System" id="{270de234-e469-4806-9c7e-8d94901cd521}" />
        <Dependent key="16" type="60" displayName="Email" parentDisplayName="Email" id="{0d1e47ff-12b2-4f53-9090-bee951b98cb4}" />
      </MissingDependency>
      <MissingDependency>
        <Required key="17" type="26" schemaName="My Active Cases" displayName="My Active Cases" parentSchemaName="incident" parentDisplayName="Case" solution="System" id="{00000000-0000-0000-00aa-000010001028}" />
        <Dependent key="12" type="60" displayName="Contact" parentDisplayName="Contact" id="{1fed44d1-ae68-4a41-bd2b-f13acac4acfa}" />
      </MissingDependency>
      <MissingDependency>
        <Required key="18" type="26" schemaName="Bigcommerce Store Lookup View" displayName="Bigcommerce Store Lookup View" parentSchemaName="xrm_bigcommerce" parentDisplayName="Bigcommerce Store" solution="Active" id="{66b1c539-3475-43ac-87dd-a3211dfa39f9}" />
        <Dependent key="12" type="60" displayName="Contact" parentDisplayName="Contact" id="{1fed44d1-ae68-4a41-bd2b-f13acac4acfa}" />
      </MissingDependency>
      <MissingDependency>
        <Required key="19" type="26" schemaName="My Active Accounts" displayName="My Active Accounts" parentSchemaName="account" parentDisplayName="Account" solution="System" id="{00000000-0000-0000-00aa-000010001001}" />
        <Dependent key="12" type="60" displayName="Contact" parentDisplayName="Contact" id="{1fed44d1-ae68-4a41-bd2b-f13acac4acfa}" />
      </MissingDependency>
      <MissingDependency>
        <Required key="20" type="26" schemaName="Recent Cases" displayName="Recent Cases" parentSchemaName="incident" parentDisplayName="Case" solution="System" id="{ebd1d24a-eea7-e211-9fb6-00155dd0ea05}" />
        <Dependent key="12" type="60" displayName="Contact" parentDisplayName="Contact" id="{1fed44d1-ae68-4a41-bd2b-f13acac4acfa}" />
      </MissingDependency>
      <MissingDependency>
        <Required key="21" type="26" schemaName="Bigcommerce Opportunities" displayName="Bigcommerce Opportunities" parentSchemaName="opportunity" parentDisplayName="Opportunity" solution="Active" id="{87551163-e80a-e511-80c4-00155d021617}" />
        <Dependent key="12" type="60" displayName="Contact" parentDisplayName="Contact" id="{1fed44d1-ae68-4a41-bd2b-f13acac4acfa}" />
      </MissingDependency>
      <MissingDependency>
        <Required key="22" type="26" schemaName="My Open Opportunities" displayName="My Open Opportunities" parentSchemaName="opportunity" parentDisplayName="Opportunity" solution="System" id="{00000000-0000-0000-00aa-000010003000}" />
        <Dependent key="12" type="60" displayName="Contact" parentDisplayName="Contact" id="{1fed44d1-ae68-4a41-bd2b-f13acac4acfa}" />
      </MissingDependency>
      <MissingDependency>
        <Required key="23" type="26" schemaName="Recent Opportunities" displayName="Recent Opportunities" parentSchemaName="opportunity" parentDisplayName="Opportunity" solution="System" id="{9c3f7ee8-eca7-e211-9fb6-00155dd0ea05}" />
        <Dependent key="12" type="60" displayName="Contact" parentDisplayName="Contact" id="{1fed44d1-ae68-4a41-bd2b-f13acac4acfa}" />
      </MissingDependency>
      <MissingDependency>
        <Required key="24" type="26" schemaName="Open Opportunities" displayName="Open Opportunities" parentSchemaName="opportunity" parentDisplayName="Opportunity" solution="System" id="{00000000-0000-0000-00aa-000010003001}" />
        <Dependent key="12" type="60" displayName="Contact" parentDisplayName="Contact" id="{1fed44d1-ae68-4a41-bd2b-f13acac4acfa}" />
      </MissingDependency>
      <MissingDependency>
        <Required key="25" type="59" schemaName="Case Mix (By Business Unit)" displayName="Case Mix (By Business Unit)" parentSchemaName="incident" parentDisplayName="Case" solution="System" id="{f10375a6-4893-de11-97d4-00155da3b01e}" />
        <Dependent key="12" type="60" displayName="Contact" parentDisplayName="Contact" id="{1fed44d1-ae68-4a41-bd2b-f13acac4acfa}" />
      </MissingDependency>
      <MissingDependency>
        <Required key="26" type="59" schemaName="Top Customers" displayName="Top Customers" parentSchemaName="opportunity" parentDisplayName="Opportunity" solution="System" id="{8bc5fb18-48f2-4782-9e16-3d452fa4ddce}" />
        <Dependent key="12" type="60" displayName="Contact" parentDisplayName="Contact" id="{1fed44d1-ae68-4a41-bd2b-f13acac4acfa}" />
      </MissingDependency>
      <MissingDependency>
        <Required key="27" type="59" schemaName="Accounts by Industry" displayName="Accounts by Industry" parentSchemaName="account" parentDisplayName="Account" solution="System" id="{74a622c0-5193-de11-97d4-00155da3b01e}" />
        <Dependent key="12" type="60" displayName="Contact" parentDisplayName="Contact" id="{1fed44d1-ae68-4a41-bd2b-f13acac4acfa}" />
      </MissingDependency>
      <MissingDependency>
        <Required key="28" type="61" schemaName="xrm_BigcommerceSync" displayName="xrm_BigcommerceSync" solution="Active" />
        <Dependent key="29" type="50" schemaName="contact:RibbonDiffXml" parentSchemaName="ribboncustomization" parentDisplayName="Application Ribbons" />
      </MissingDependency>
      <MissingDependency>
        <Required key="30" type="61" schemaName="xrm_organization_service" displayName="xrm_organization_service" solution="xResources (6.0.0.5)" />
        <Dependent key="12" type="60" displayName="Contact" parentDisplayName="Contact" id="{1fed44d1-ae68-4a41-bd2b-f13acac4acfa}" />
      </MissingDependency>
      <MissingDependency>
        <Required key="28" type="61" schemaName="xrm_BigcommerceSync" displayName="xrm_BigcommerceSync" solution="Active" />
        <Dependent key="12" type="60" displayName="Contact" parentDisplayName="Contact" id="{1fed44d1-ae68-4a41-bd2b-f13acac4acfa}" />
      </MissingDependency>
      <MissingDependency>
        <Required key="31" type="61" schemaName="msdyn_/RecordWall.htm" displayName="msdyn_/RecordWall.htm" solution="ActivityFeedsCore (7.0.2.53)" />
        <Dependent key="13" type="60" displayName="Information" parentDisplayName="Contact" id="{894cc46a-b0cb-4ab0-8bf6-200544e46a2d}" />
      </MissingDependency>
      <MissingDependency>
        <Required key="32" type="61" schemaName="Contact_main_system_library.js" displayName="Contact_main_system_library.js" solution="System" />
        <Dependent key="13" type="60" displayName="Information" parentDisplayName="Contact" id="{894cc46a-b0cb-4ab0-8bf6-200544e46a2d}" />
      </MissingDependency>
      <MissingDependency>
        <Required key="33" type="61" schemaName="msdyn_/ActivityFeeds.Form.js" displayName="msdyn_/ActivityFeeds.Form.js" solution="ActivityFeedsCore (7.0.2.53)" />
        <Dependent key="13" type="60" displayName="Information" parentDisplayName="Contact" id="{894cc46a-b0cb-4ab0-8bf6-200544e46a2d}" />
      </MissingDependency>
      <MissingDependency>
        <Required key="28" type="61" schemaName="xrm_BigcommerceSync" displayName="xrm_BigcommerceSync" solution="Active" />
        <Dependent key="8" type="60" displayName="Lead" parentDisplayName="Lead" id="{e3b6ddb7-8df0-4410-ac7b-fd32e5053d38}" />
      </MissingDependency>
      <MissingDependency>
        <Required key="30" type="61" schemaName="xrm_organization_service" displayName="xrm_organization_service" solution="xResources (6.0.0.5)" />
        <Dependent key="8" type="60" displayName="Lead" parentDisplayName="Lead" id="{e3b6ddb7-8df0-4410-ac7b-fd32e5053d38}" />
      </MissingDependency>
      <MissingDependency>
        <Required key="33" type="61" schemaName="msdyn_/ActivityFeeds.Form.js" displayName="msdyn_/ActivityFeeds.Form.js" solution="ActivityFeedsCore (7.0.2.53)" />
        <Dependent key="6" type="60" displayName="Information" parentDisplayName="Lead" id="{9886ead0-4fcc-4747-9a18-08e7a9a6de71}" />
      </MissingDependency>
      <MissingDependency>
        <Required key="31" type="61" schemaName="msdyn_/RecordWall.htm" displayName="msdyn_/RecordWall.htm" solution="ActivityFeedsCore (7.0.2.53)" />
        <Dependent key="6" type="60" displayName="Information" parentDisplayName="Lead" id="{9886ead0-4fcc-4747-9a18-08e7a9a6de71}" />
      </MissingDependency>
      <MissingDependency>
        <Required key="28" type="61" schemaName="xrm_BigcommerceSync" displayName="xrm_BigcommerceSync" solution="Active" />
        <Dependent key="34" type="50" schemaName="lead:RibbonDiffXml" parentSchemaName="ribboncustomization" parentDisplayName="Application Ribbons" />
      </MissingDependency>
    </MissingDependencies>
  </SolutionManifest>
</ImportExportXml>