<ImportExportXml version="5.0.9690.3911" minimumversion="5.0" languagecode="1033" generatedBy="OnPremise" xmlns:xsi="http://www.w3.org/2001/XMLSchema-instance">
  <SolutionManifest>
    <UniqueName>LiveHive</UniqueName>
    <LocalizedNames>
      <LocalizedName description="LiveHive" languagecode="1033" />
    </LocalizedNames>
    <Descriptions>
      <Description description="LiveHive improves your team’s productivity, email effectiveness, and follow-up–delivering a 4x increase in connect rate–through automation and engagement analytics." languagecode="1033" />
    </Descriptions>
    <Version>1.0.0.0</Version>
    <Managed>0</Managed>
    <Publisher>
      <UniqueName>livehive</UniqueName>
      <LocalizedNames>
        <LocalizedName description="LiveHive, Inc" languagecode="1033" />
      </LocalizedNames>
      <Descriptions>
        <Description description="LiveHive improves your team’s productivity, email effectiveness, and follow-up–delivering a 4x increase in connect rate–through automation and engagement analytics." languagecode="1033" />
      </Descriptions>
      <EMailAddress>marketing@livehive.com</EMailAddress>
      <SupportingWebsiteUrl>http://livehive.com/</SupportingWebsiteUrl>
      <CustomizationPrefix>xrm</CustomizationPrefix>
      <CustomizationOptionValuePrefix>16365</CustomizationOptionValuePrefix>
      <Addresses>
        <Address>
          <AddressNumber>1</AddressNumber>
          <AddressTypeCode>1</AddressTypeCode>
          <City>San Jose</City>
          <County xsi:nil="true"></County>
          <Country>United States of America</Country>
          <Fax xsi:nil="true"></Fax>
          <FreightTermsCode xsi:nil="true"></FreightTermsCode>
          <ImportSequenceNumber xsi:nil="true"></ImportSequenceNumber>
          <Latitude xsi:nil="true"></Latitude>
          <Line1>226 Airport Parkway, Suite 600</Line1>
          <Line2 xsi:nil="true"></Line2>
          <Line3 xsi:nil="true"></Line3>
          <Longitude xsi:nil="true"></Longitude>
          <Name xsi:nil="true"></Name>
          <PostalCode>95110</PostalCode>
          <PostOfficeBox xsi:nil="true"></PostOfficeBox>
          <PrimaryContactName xsi:nil="true"></PrimaryContactName>
          <ShippingMethodCode>1</ShippingMethodCode>
          <StateOrProvince>California</StateOrProvince>
          <Telephone1>408-453-6000</Telephone1>
          <Telephone2 xsi:nil="true"></Telephone2>
          <Telephone3 xsi:nil="true"></Telephone3>
          <TimeZoneRuleVersionNumber xsi:nil="true"></TimeZoneRuleVersionNumber>
          <UPSZone xsi:nil="true"></UPSZone>
          <UTCOffset xsi:nil="true"></UTCOffset>
          <UTCConversionTimeZoneCode xsi:nil="true"></UTCConversionTimeZoneCode>
        </Address>
        <Address>
          <AddressNumber>2</AddressNumber>
          <AddressTypeCode>1</AddressTypeCode>
          <City xsi:nil="true"></City>
          <County xsi:nil="true"></County>
          <Country xsi:nil="true"></Country>
          <Fax xsi:nil="true"></Fax>
          <FreightTermsCode xsi:nil="true"></FreightTermsCode>
          <ImportSequenceNumber xsi:nil="true"></ImportSequenceNumber>
          <Latitude xsi:nil="true"></Latitude>
          <Line1 xsi:nil="true"></Line1>
          <Line2 xsi:nil="true"></Line2>
          <Line3 xsi:nil="true"></Line3>
          <Longitude xsi:nil="true"></Longitude>
          <Name xsi:nil="true"></Name>
          <PostalCode xsi:nil="true"></PostalCode>
          <PostOfficeBox xsi:nil="true"></PostOfficeBox>
          <PrimaryContactName xsi:nil="true"></PrimaryContactName>
          <ShippingMethodCode>1</ShippingMethodCode>
          <StateOrProvince xsi:nil="true"></StateOrProvince>
          <Telephone1 xsi:nil="true"></Telephone1>
          <Telephone2 xsi:nil="true"></Telephone2>
          <Telephone3 xsi:nil="true"></Telephone3>
          <TimeZoneRuleVersionNumber xsi:nil="true"></TimeZoneRuleVersionNumber>
          <UPSZone xsi:nil="true"></UPSZone>
          <UTCOffset xsi:nil="true"></UTCOffset>
          <UTCConversionTimeZoneCode xsi:nil="true"></UTCConversionTimeZoneCode>
        </Address>
      </Addresses>
    </Publisher>
    <RootComponents>
      <RootComponent type="1" schemaName="contact" />
      <RootComponent type="1" schemaName="email" />
      <RootComponent type="1" schemaName="lead" />
      <RootComponent type="1" schemaName="opportunity" />
      <RootComponent type="1" schemaName="systemuser" />
      <RootComponent type="1" schemaName="task" />
      <RootComponent type="1" schemaName="xrm_livehiveaction" />
      <RootComponent type="9" schemaName="xrm_emailactiontype" />
      <RootComponent type="20" parentId="{c0ed2f4f-6f92-4691-92ba-78f2931e8fba}" />
      <RootComponent type="20" parentId="{d892cc0b-28c7-4e88-bd92-72f2c366baed}" />
      <RootComponent type="20" id="{05e0a4df-a8f6-e511-a55e-0019b9f63740}" />
      <RootComponent type="20" parentId="{09a25608-d28b-4d47-b57c-79271fe6a525}" />
      <RootComponent type="20" parentId="{119f245c-3cc8-4b62-b31c-d1a046ced15d}" />
      <RootComponent type="20" parentId="{1808b939-dd07-4ca7-aa99-ddd2734378f1}" />
      <RootComponent type="20" parentId="{29123793-6ae5-4955-9f1a-f10ceb9705f1}" />
      <RootComponent type="20" parentId="{6caba073-59a8-4d6b-8e7b-4ccb50c5166b}" />
      <RootComponent type="20" parentId="{85937b6b-91a1-46ed-9778-929fc9f61812}" />
      <RootComponent type="20" parentId="{a4be89ff-7c35-4d69-9900-999c3f603e6f}" />
      <RootComponent type="20" parentId="{d9d602db-2761-4170-877f-983494567c08}" />
      <RootComponent type="20" parentId="{dcd60b89-421c-44ae-bff0-dd6323df885c}" />
      <RootComponent type="20" parentId="{debec338-bca7-4882-ae04-84e6ddda2984}" />
      <RootComponent type="20" parentId="{ecfd0b44-5720-45e3-ae68-417ddb0fb654}" />
    </RootComponents>
    <MissingDependencies>
      <MissingDependency>
        <Required key="0" type="26" schemaName="Open Activities" displayName="Open Activities" parentSchemaName="activitypointer" parentDisplayName="Activity" solution="System" id="{00000000-0000-0000-00aa-000010001900}" />
        <Dependent key="1" type="60" parentDisplayName="Lead" id="{9886ead0-4fcc-4747-9a18-08e7a9a6de71}" />
      </MissingDependency>
      <MissingDependency>
        <Required key="2" type="26" schemaName="Active Services" displayName="Active Services" parentSchemaName="service" parentDisplayName="Service" solution="System" id="{2bd4de5e-a7b4-4f5d-8fde-eb3b62d8e2b2}" />
        <Dependent key="3" type="60" parentDisplayName="Contact" id="{894cc46a-b0cb-4ab0-8bf6-200544e46a2d}" />
      </MissingDependency>
      <MissingDependency>
        <Required key="0" type="26" schemaName="Open Activities" displayName="Open Activities" parentSchemaName="activitypointer" parentDisplayName="Activity" solution="System" id="{00000000-0000-0000-00aa-000010001900}" />
        <Dependent key="3" type="60" parentDisplayName="Contact" id="{894cc46a-b0cb-4ab0-8bf6-200544e46a2d}" />
      </MissingDependency>
    </MissingDependencies>
  </SolutionManifest>
</ImportExportXml>